trade_date,cash,position_value,total_value,position_count,return,cum_return,quarter
20240102,1000000.0,0.0,1000000.0,0,,,2024Q1
20240103,851286.8794440001,149084.0,1000370.8794440001,1,0.0003708794440000496,0.0003708794440000496,2024Q1
20240104,851286.8794440001,149648.0,1000934.8794440001,1,0.0005637909015439035,0.0009348794440000585,2024Q1
20240105,851286.8794440001,150494.00000000003,1001780.8794440001,1,0.0008452098307034639,0.001780879444000183,2024Q1
20240108,615298.4221394002,376604.0,991902.4221394002,3,-0.009860896237191663,-0.008097577860599725,2024Q1
20240109,458473.39381160017,533101.0,991574.3938116002,5,-0.00033070624738718024,-0.008425606188399715,2024Q1
20240110,458473.39381160017,531860.0,990333.3938116002,5,-0.0012515450255120575,-0.009666606188399762,2024Q1
20240111,458473.39381160017,535870.0,994343.3938116002,5,0.004049141455854777,-0.005656606188399804,2024Q1
20240112,458473.39381160017,534142.0,992615.3938116002,5,-0.0017378302211835672,-0.007384606188399867,2024Q1
20240115,458473.39381160017,536072.0,994545.3938116002,5,0.001944358320485895,-0.00545460618839988,2024Q1
20240116,458473.39381160017,530763.0,989236.3938116002,5,-0.005338117327810643,-0.010763606188399888,2024Q1
20240117,519921.11638360017,456424.0,976345.1163836002,5,-0.01303154383385452,-0.02365488361639989,2024Q1
20240118,496053.2155664001,479734.0,975787.2155664001,5,-0.0005714176348488031,-0.024212784433599976,2024Q1
20240119,503707.7570160001,461572.0,965279.7570160001,5,-0.010768186324618845,-0.034720242984000005,2024Q1
20240122,513741.8323112001,429932.0,943673.8323112001,5,-0.022383070345939005,-0.056326167688800055,2024Q1
20240123,451306.4154657002,493188.0,944494.4154657002,5,0.0008695622644216972,-0.05550558453429999,2024Q1
20240124,451306.4154657002,499493.0,950799.4154657002,5,0.006675529147402326,-0.049200584534299985,2024Q1
20240125,451306.4154657002,528480.0,979786.4154657002,5,0.030486977093693524,-0.0202135845343,2024Q1
20240126,692455.8081822002,283905.0,976360.8081822002,3,-0.0034962796273020347,-0.023639191817800054,2024Q1
20240129,501799.2193595002,451553.0,953352.2193595002,5,-0.02356566202768584,-0.046647780640500014,2024Q1
20240130,495007.47601600026,442367.0,937374.4760160003,5,-0.016759538624910753,-0.0626255239839999,2024Q1
20240131,501768.2711543003,414066.0,915834.2711543003,5,-0.022979295268684363,-0.08416572884569984,2024Q1
20240201,439173.16761980037,468997.0,908170.1676198004,5,-0.008368439330011301,-0.0918298323801997,2024Q1
20240202,439173.16761980037,456055.0,895228.1676198004,5,-0.014250633263939272,-0.10477183238019971,2024Q1
20240205,457038.3750606004,434040.0,891078.3750606005,5,-0.0046354579863514545,-0.10892162493939972,2024Q1
20240206,455513.63203190046,434792.0,890305.6320319005,5,-0.0008671998449603091,-0.10969436796809973,2024Q1
20240207,428577.0356992006,436931.0,865508.0356992006,5,-0.027852902913919064,-0.13449196430079957,2024Q1
20240208,420681.5338519006,459488.0,880169.5338519006,5,0.016939759711018354,-0.11983046614809967,2024Q1
20240219,420681.5338519006,487049.0,907730.5338519006,5,0.031313285611448416,-0.09226946614809972,2024Q1
20240220,718056.3833299006,198953.0,917009.3833299006,2,0.010222030803156645,-0.08299061667009977,2024Q1
20240221,916552.0500688006,0.0,916552.0500688006,0,-0.0004987225533498174,-0.08344794993119975,2024Q1
20240222,916552.0500688006,0.0,916552.0500688006,0,0.0,-0.08344794993119975,2024Q1
20240223,916552.0500688006,0.0,916552.0500688006,0,0.0,-0.08344794993119975,2024Q1
20240226,916552.0500688006,0.0,916552.0500688006,0,0.0,-0.08344794993119975,2024Q1
20240227,916552.0500688006,0.0,916552.0500688006,0,0.0,-0.08344794993119975,2024Q1
20240228,916552.0500688006,0.0,916552.0500688006,0,0.0,-0.08344794993119975,2024Q1
20240229,916552.0500688006,0.0,916552.0500688006,0,0.0,-0.08344794993119975,2024Q1
20240301,916552.0500688006,0.0,916552.0500688006,0,0.0,-0.08344794993119975,2024Q2
20240304,779916.6137314006,134784.0,914700.6137314006,1,-0.002020001305175212,-0.08529938626859979,2024Q2
20240305,564386.7241564007,352770.0,917156.7241564007,3,0.0026851522652648896,-0.08284327584359974,2024Q2
20240306,407754.31952770066,514413.0,922167.3195277007,5,0.005463183378946246,-0.07783268047229974,2024Q2
20240307,407754.31952770066,524703.0,932457.3195277007,5,0.011158495624492781,-0.06754268047229961,2024Q2
20240308,416873.2385362007,515003.0,931876.2385362007,5,-0.0006231716769559137,-0.0681237614637995,2024Q2
20240311,416873.2385362007,520943.0,937816.2385362007,5,0.00637423700096762,-0.06218376146379956,2024Q2
20240312,434077.97982570075,509329.0,943406.9798257007,5,0.005961446453759844,-0.05659302017429957,2024Q2
20240313,434077.97982570075,493187.0,927264.9798257007,5,-0.017110324965989077,-0.07273502017429956,2024Q2
20240314,475723.8234589008,450419.0,926142.8234589008,5,-0.0012101787420149002,-0.07385717654109947,2024Q2
20240315,475723.8234589008,455125.0,930848.8234589008,5,0.005081289711261094,-0.06915117654109948,2024Q2
20240318,475723.8234589008,460892.0,936615.8234589008,5,0.0061954206254144495,-0.0633841765410994,2024Q2
20240319,501297.64330810076,432103.0,933400.6433081008,5,-0.0034327630072770177,-0.06659935669189943,2024Q2
20240320,501297.64330810076,432591.0,933888.6433081008,5,0.0005228194382536078,-0.06611135669189949,2024Q2
20240321,501297.64330810076,427538.0,928835.6433081008,5,-0.005410709334788377,-0.07116435669189947,2024Q2
20240322,492439.2110839007,434839.0,927278.2110839006,5,-0.00167675760014252,-0.0727217889160996,2024Q2
20240325,492439.2110839007,429838.0,922277.2110839006,5,-0.005393203399176483,-0.07772278891609963,2024Q2
20240326,470443.4583791008,451620.0,922063.4583791008,5,-0.00023176622194609475,-0.07793654162089947,2024Q2
20240327,470443.4583791008,446824.0,917267.4583791008,5,-0.005201377363366011,-0.08273254162089949,2024Q2
20240328,469969.42949300073,452895.0,922864.4294930007,5,0.006101787502404532,-0.07713557050699948,2024Q2
20240329,469969.42949300073,459088.0,929057.4294930007,5,0.006710628129206642,-0.07094257050699948,2024Q2
20240401,469969.42949300073,463948.0,933917.4294930007,5,0.005231108267066187,-0.0660825705069994,2024Q2
20240402,491322.8074315007,441329.0,932651.8074315006,5,-0.0013551755450020853,-0.06734819256849955,2024Q2
20240403,491322.8074315007,443682.0,935004.8074315006,5,0.002522913676091143,-0.0649951925684995,2024Q2
20240408,491322.8074315007,434704.0,926026.8074315006,5,-0.009602089666964297,-0.07397319256849944,2024Q2
20240409,489363.5553750007,433569.0,922932.5553750007,5,-0.0033414281656515277,-0.07706744462499937,2024Q2
20240410,489363.5553750007,429787.0,919150.5553750007,5,-0.004097807556981636,-0.08084944462499943,2024Q2
20240411,435826.9636356006,491754.0,927580.9636356006,5,0.009171955792552922,-0.0724190363643995,2024Q2
20240412,442281.06293830054,476107.0,918388.0629383005,5,-0.009910618110648861,-0.08161193706169956,2024Q2
20240415,445356.6009135006,457139.0,902495.6009135006,5,-0.017304734965689073,-0.09750439908649944,2024Q2
20240416,441327.56289080065,435477.0,876804.5628908006,5,-0.028466662880900162,-0.12319543710919945,2024Q2
20240417,425502.46923640056,469355.0,894857.4692364006,5,0.020589430198766356,-0.10514253076359947,2024Q2
20240418,425502.46923640056,467500.0,893002.4692364006,5,-0.0020729558212023713,-0.10699753076359952,2024Q2
20240419,425502.46923640056,460818.0,886320.4692364006,5,-0.0074826220869397275,-0.11367953076359949,2024Q2
20240422,425502.46923640056,444780.0,870282.4692364006,5,-0.018095035099231493,-0.1297175307635995,2024Q2
20240423,448261.22651500057,427493.0,875754.2265150006,5,0.006287334827508317,-0.12424577348499954,2024Q2
20240424,443089.4560304006,436715.0,879804.4560304006,5,0.004624847237697738,-0.12019554396959953,2024Q2
20240425,443089.4560304006,439941.0,883030.4560304006,5,0.0036667238701602045,-0.11696954396959958,2024Q2
20240426,439833.0578976006,443465.0,883298.0578976006,5,0.00030304941961234455,-0.11670194210239959,2024Q2
20240429,436562.2751950006,465437.0,901999.2751950006,5,0.02117203488696906,-0.09800072480499955,2024Q2
20240430,464157.0092002006,439477.0,903634.0092002007,5,0.0018123451427902726,-0.09636599079979957,2024Q2
20240506,475929.14347950055,437701.0,913630.1434795005,5,0.011062149252380804,-0.08636985652049967,2024Q2
20240507,475929.14347950055,436588.0,912517.1434795005,5,-0.0012182172490076137,-0.0874828565204997,2024Q2
20240508,475929.14347950055,442639.0,918568.1434795005,5,0.006631108295595434,-0.08143185652049978,2024Q2
20240509,475929.14347950055,448962.0,924891.1434795005,5,0.006883539392133375,-0.07510885652049981,2024Q2
20240510,475929.14347950055,449977.0,925906.1434795005,5,0.0010974264454317595,-0.07409385652049982,2024Q2
20240513,475929.14347950055,448702.0,924631.1434795005,5,-0.001377029420291609,-0.07536885652049985,2024Q2
20240514,475929.14347950055,442244.0,918173.1434795005,5,-0.006984406750239591,-0.08182685652049981,2024Q2
20240515,483589.7409753005,424990.0,908579.7409753005,5,-0.010448358866003149,-0.09142025902469986,2024Q2
20240516,468473.4642947004,435138.0,903611.4642947004,5,-0.005468179023303987,-0.09638853570529993,2024Q2
20240517,466447.7881583005,431732.0,898179.7881583006,5,-0.006011074838054964,-0.10182021184169976,2024Q2
20240520,469524.3838529006,421788.0,891312.3838529006,5,-0.007645912762612284,-0.10868761614709965,2024Q2
20240521,473671.07834170054,405116.0,878787.0783417006,5,-0.01405265509389253,-0.12121292165829956,2024Q2
20240522,463992.5622511006,412850.0,876842.5622511005,5,-0.0022127272220131555,-0.12315743774889965,2024Q2
20240523,471389.3896803006,392550.0,863939.3896803006,5,-0.014715495262540457,-0.13606061031969952,2024Q2
20240524,467963.08551190066,387720.0,855683.0855119007,5,-0.00955657800422216,-0.14431691448809936,2024Q2
20240527,447593.76694180066,409910.0,857503.7669418007,5,0.0021277520389582083,-0.14249623305819936,2024Q2
20240528,448302.38877880067,404069.0,852371.3887788006,5,-0.005985254363726211,-0.1476286112211994,2024Q2
20240529,448302.38877880067,404579.0,852881.3887788006,5,0.0005983307355386103,-0.1471186112211993,2024Q2
20240530,448302.38877880067,402153.0,850455.3887788006,5,-0.002844475248162781,-0.14954461122119933,2024Q2
20240531,447833.84856100066,407092.0,854925.8485610007,5,0.005256548246016068,-0.14507415143899927,2024Q2
20240603,447833.84856100066,395293.0,843126.8485610007,5,-0.013801196934049798,-0.15687315143899927,2024Q3
20240604,455357.78578000073,389027.0,844384.7857800007,5,0.0014919904651915505,-0.15561521421999924,2024Q3
20240605,438613.9596562007,391240.0,829853.9596562007,5,-0.01720877302446555,-0.1701460403437992,2024Q3
20240606,412739.26942530076,403860.0,816599.2694253008,5,-0.015972316666888253,-0.1834007305746992,2024Q3
20240607,432715.9388175007,388995.0,821710.9388175007,5,0.006259703606883438,-0.1782890611824992,2024Q3
20240611,433406.8148579007,384022.0,817428.8148579007,5,-0.005211229104193582,-0.18257118514209925,2024Q3
20240612,433406.8148579007,388773.0,822179.8148579007,5,0.005812126895509362,-0.1778201851420993,2024Q3
20240613,433406.8148579007,388891.0,822297.8148579007,5,0.00014352091582359172,-0.17770218514209923,2024Q3
20240614,433406.8148579007,388473.0,821879.8148579007,5,-0.0005083316438974084,-0.17812018514209915,2024Q3
20240617,425891.67138240073,392256.0,818147.6713824007,5,-0.004540984470029041,-0.18185232861759926,2024Q3
20240618,425891.67138240073,390447.0,816338.6713824007,5,-0.0022110922798855848,-0.1836613286175992,2024Q3
20240619,426591.9626993008,388862.0,815453.9626993008,5,-0.0010837520187566563,-0.18454603730069896,2024Q3
20240620,426591.9626993008,380361.0,806952.9626993008,5,-0.01042486809661225,-0.19304703730069894,2024Q3
20240621,384356.7785714007,420307.0,804663.7785714007,5,-0.0028368247391307166,-0.1953362214285992,2024Q3
20240624,384356.7785714007,410559.0,794915.7785714007,5,-0.012114376537870952,-0.20508422142859917,2024Q3
20240625,388452.31510900066,401450.0,789902.3151090007,5,-0.0063069114962217565,-0.21009768489099923,2024Q3
20240626,385558.4946322007,412807.0,798365.4946322007,5,0.010714210303374161,-0.20163450536779925,2024Q3
20240627,385558.4946322007,407198.0,792756.4946322007,5,-0.00702560423479226,-0.20724350536779923,2024Q3
20240628,382776.4768132007,409183.0,791959.4768132006,5,-0.0010053753257106557,-0.20804052318679933,2024Q3
20240701,382776.4768132007,421552.0,804328.4768132006,5,0.015618223358816463,-0.19567152318679937,2024Q3
20240702,395119.7647801007,408931.0,804050.7647801007,5,-0.00034527191452959904,-0.19594923521989938,2024Q3
20240703,399054.76683150075,402792.0,801846.7668315007,5,-0.002741117905910806,-0.19815323316849942,2024Q3
20240704,417965.50725390075,377369.0,795334.5072539008,5,-0.00812157615018283,-0.20466549274609935,2024Q3
20240705,429964.0503706008,368415.0,798379.0503706008,5,0.0038280032978981193,-0.20162094962939925,2024Q3
20240708,429964.0503706008,360424.0,790388.0503706008,5,-0.010009030167175137,-0.20961194962939922,2024Q3
20240709,414202.24177880085,382620.0,796822.2417788008,5,0.00814054742500625,-0.2031777582211991,2024Q3
20240710,414202.24177880085,378882.0,793084.2417788008,5,-0.004691134112490891,-0.20691575822119912,2024Q3
20240711,414202.24177880085,390638.0,804840.2417788008,5,0.014823141579049182,-0.19515975822119913,2024Q3
20240712,414202.24177880085,388270.0,802472.2417788008,5,-0.0029421988080099437,-0.19752775822119917,2024Q3
20240715,414202.24177880085,384640.0,798842.2417788008,5,-0.0045235209531404585,-0.2011577582211992,2024Q3
20240716,414202.24177880085,385456.0,799658.2417788008,5,0.0010214782810971101,-0.20034175822119926,2024Q3
20240717,419727.48185030086,369956.0,789683.4818503009,5,-0.012473778681142078,-0.2103165181496992,2024Q3
20240718,419727.48185030086,365601.0,785328.4818503009,5,-0.005514867792087874,-0.2146715181496992,2024Q3
20240719,474394.5554858008,310656.0,785050.5554858008,4,-0.0003538982361180887,-0.21494944451419928,2024Q3
20240722,395158.6223066008,387722.0,782880.6223066008,5,-0.0027640680769370762,-0.21711937769339928,2024Q3
20240723,410147.2812758008,366404.0,776551.2812758008,5,-0.00808468219861147,-0.22344871872419936,2024Q3
20240724,402534.1614830008,369060.0,771594.1614830007,5,-0.006383506037947684,-0.22840583851699947,2024Q3
20240725,402534.1614830008,368420.0,770954.1614830007,5,-0.0008294515847163675,-0.22904583851699944,2024Q3
20240726,399865.9228570008,375484.0,775349.9228570007,5,0.005701715605950453,-0.22465007714299934,2024Q3
20240729,399865.9228570008,375972.0,775837.9228570007,5,0.0006293932398959701,-0.2241620771429993,2024Q3
20240730,399865.9228570008,376752.0,776617.9228570007,5,0.001005364621940119,-0.2233820771429994,2024Q3
20240731,399865.9228570008,385824.0,785689.9228570007,5,0.011681419824340677,-0.21431007714299932,2024Q3
20240801,399865.9228570008,387146.0,787011.9228570007,5,0.001682597627309379,-0.21298807714299928,2024Q3
20240802,636652.3677886007,148824.0,785476.3677886007,2,-0.0019511204643833935,-0.21452363221139925,2024Q3
20240805,440712.0143974008,330310.0,771022.0143974008,4,-0.018402021988127015,-0.2289779856025992,2024Q3
20240806,378873.24092660076,395803.0,774676.2409266008,5,0.00473945809712828,-0.2253237590733993,2024Q3
20240807,378873.24092660076,394908.0,773781.2409266008,5,-0.0011553213493801229,-0.2262187590733994,2024Q3
20240808,378873.24092660076,389570.0,768443.2409266008,5,-0.006898590606316257,-0.23155675907339934,2024Q3
20240809,378873.24092660076,387041.0,765914.2409266008,5,-0.003291069353346776,-0.23408575907339935,2024Q3
20240812,378873.24092660076,381641.0,760514.2409266008,5,-0.007050397696571231,-0.2394857590733993,2024Q3
20240813,407978.5727562008,357178.0,765156.5727562008,5,0.0061042010520984125,-0.23484342724379936,2024Q3
20240814,407978.5727562008,358953.0,766931.5727562008,5,0.0023197866465503036,-0.23306842724379928,2024Q3
20240815,407978.5727562008,362181.0,770159.5727562008,5,0.0042089804549305665,-0.22984042724379927,2024Q3
20240816,413474.25768210075,352576.0,766050.2576821008,5,-0.005335667074024553,-0.23394974231789933,2024Q3
20240819,413474.25768210075,351724.0,765198.2576821008,5,-0.0011121985685089708,-0.2348017423178993,2024Q3
20240820,378875.9049019008,376666.0,755541.9049019008,5,-0.012619412921104245,-0.24445809509809924,2024Q3
20240821,378875.9049019008,370496.0,749371.9049019008,5,-0.00816632401190387,-0.25062809509809925,2024Q3
20240822,393354.94329890085,348440.0,741794.9432989008,5,-0.010111083099641704,-0.25820505670109917,2024Q3
20240823,380834.43380650086,360885.0,741719.4338065009,5,-0.00010179294572187914,-0.25828056619349915,2024Q3
20240826,380834.43380650086,363000.0,743834.4338065009,5,0.002851482519671711,-0.25616556619349906,2024Q3
20240827,380834.43380650086,366788.0,747622.4338065009,5,0.005092531116925203,-0.25237756619349905,2024Q3
20240828,380834.43380650086,368064.0,748898.4338065009,5,0.001706743862009752,-0.251101566193499,2024Q3
20240829,380834.43380650086,369535.0,750369.4338065009,5,0.001964218288617925,-0.249630566193499,2024Q3
20240830,380834.43380650086,372515.0,753349.4338065009,5,0.003971377118711983,-0.246650566193499,2024Q3
20240902,386531.0238450009,362161.0,748692.0238450009,5,-0.0061822704743629275,-0.251307976154999,2024Q4
20240903,394560.0775679009,351780.0,746340.0775679009,5,-0.003141406883195197,-0.253659922432099,2024Q4
20240904,394560.0775679009,351512.0,746072.0775679009,5,-0.0003590856340897064,-0.25392792243209905,2024Q4
20240905,412008.3720667009,334343.0,746351.3720667008,5,0.0003743532390467763,-0.2536486279332991,2024Q4
20240906,407774.7125731009,337676.0,745450.7125731008,5,-0.0012067499669841109,-0.2545492874268992,2024Q4
20240909,407774.7125731009,331119.0,738893.7125731008,5,-0.008796020835994622,-0.26110628742689923,2024Q4
20240910,401281.4527169009,334797.0,736078.452716901,5,-0.003810101247709974,-0.263921547283099,2024Q4
20240911,401281.4527169009,331697.0,732978.452716901,5,-0.00421150760297051,-0.267021547283099,2024Q4
20240912,385526.67170290096,348210.0,733736.6717029009,5,0.0010344355733644672,-0.266263328297099,2024Q4
20240913,385526.67170290096,347765.0,733291.6717029009,5,-0.0006064846111170086,-0.266708328297099,2024Q4
20240918,382955.03958670096,346869.0,729824.039586701,5,-0.004728857901995731,-0.27017596041329894,2024Q4
20240919,382955.03958670096,350162.0,733117.039586701,5,0.004512046495296129,-0.26688296041329895,2024Q4
20240920,382955.03958670096,347232.0,730187.039586701,5,-0.003996633336543098,-0.26981296041329894,2024Q4
20240923,379043.813379001,350736.0,729779.813379001,5,-0.0005577012267027337,-0.2702201866209989,2024Q4
20240924,379043.813379001,360944.0,739987.813379001,5,0.0139877807153026,-0.260012186620999,2024Q4
20240925,379043.813379001,365875.0,744918.813379001,5,0.0066636232527717,-0.255081186620999,2024Q4
20240926,395690.66571980104,353682.0,749372.6657198011,5,0.005978976850641082,-0.2506273342801989,2024Q4
20240927,470290.787323401,280610.0,750900.7873234011,4,0.0020392011525163234,-0.24909921267659885,2024Q4
20240930,541406.935987401,218568.0,759974.935987401,3,0.012084350978436076,-0.24002506401259893,2024Q4
20241008,619850.202998601,139409.0,759259.202998601,2,-0.0009417849917249255,-0.24074079700139894,2024Q4
20241009,619850.202998601,138874.0,758724.202998601,2,-0.0007046341985544879,-0.241275797001399,2024Q4
20241010,527355.087786101,232034.0,759389.087786101,3,0.0008763194647967154,-0.24061091221389896,2024Q4
20241011,527355.087786101,236494.0,763849.087786101,3,0.005873142071349147,-0.23615091221389894,2024Q4
20241014,599414.064178601,169019.0,768433.064178601,2,0.006001154502633499,-0.23156693582139887,2024Q4
20241015,599414.064178601,173894.0,773308.064178601,2,0.006344078914942264,-0.2266919358213989,2024Q4
20241016,509485.268846601,259871.0,769356.268846601,3,-0.005110247151240532,-0.23064373115339898,2024Q4
20241017,368989.81985270104,395213.0,764202.819852701,5,-0.0066983908529476555,-0.235797180147299,2024Q4
20241018,368989.81985270104,406926.0,775915.819852701,5,0.015327082936251957,-0.22408418014729903,2024Q4
20241021,368989.81985270104,404988.0,773977.819852701,5,-0.0024976936291464247,-0.22602218014729902,2024Q4
20241022,368989.81985270104,420075.0,789064.819852701,5,0.019492806658039985,-0.21093518014729906,2024Q4
20241023,398231.59582070104,390002.0,788233.595820701,5,-0.0010534293394999228,-0.21176640417929915,2024Q4
20241024,398231.59582070104,389870.0,788101.595820701,5,-0.00016746304737569329,-0.21189840417929917,2024Q4
20241025,398231.59582070104,396653.0,794884.595820701,5,0.008606758362081912,-0.2051154041792993,2024Q4
20241028,398231.59582070104,403774.0,802005.595820701,5,0.008958533147378045,-0.19799440417929937,2024Q4
20241029,557923.6658987011,241461.0,799384.6658987011,3,-0.0032679696197355224,-0.20061533410129928,2024Q4
20241030,407549.33421100106,386273.0,793822.334211001,5,-0.006958266683095071,-0.20617766578899932,2024Q4
20241031,475289.26167580107,319000.0,794289.2616758011,4,0.0005882014711315886,-0.20571073832419928,2024Q4
20241101,406403.8062370011,384427.0,790830.8062370011,5,-0.004354151070232737,-0.20916919376299936,2024Q4
20241104,406403.8062370011,386513.0,792916.8062370011,5,0.0026377323487507542,-0.20708319376299944,2024Q4
20241105,423841.0792396011,375800.0,799641.079239601,5,0.00848042688678996,-0.20035892076039952,2024Q4
20241106,423841.0792396011,369628.0,793469.079239601,5,-0.00771846289571454,-0.20653092076039947,2024Q4
20241107,423841.0792396011,376058.0,799899.079239601,5,0.008103655414224864,-0.20010092076039943,2024Q4
20241108,423841.0792396011,378612.0,802453.079239601,5,0.003192902787721552,-0.19754692076039937,2024Q4
20241111,423841.0792396011,382641.0,806482.079239601,5,0.0050208543081644574,-0.19351792076039942,2024Q4
20241112,504317.6615002011,300578.0,804895.6615002011,4,-0.0019670836838627803,-0.19510433849979936,2024Q4
20241113,658767.8089480011,146486.0,805253.8089480011,2,0.0004449613346559911,-0.19474619105199942,2024Q4
20241114,658767.8089480011,145466.0,804233.8089480011,2,-0.0012666813725880077,-0.19576619105199944,2024Q4
20241115,475858.2805464011,319997.0,795855.2805464012,4,-0.010418025589548074,-0.20414471945359947,2024Q4
20241118,404477.5847600011,390344.0,794821.5847600012,5,-0.0012988489385787894,-0.20517841523999947,2024Q4
20241119,391449.7494992012,409527.0,800976.7494992012,5,0.007744083524176881,-0.1990232505007994,2024Q4
20241120,391449.7494992012,411219.0,802668.7494992012,5,0.0021124208674694334,-0.19733125050079947,2024Q4
20241121,391449.7494992012,411814.0,803263.7494992012,5,0.000741277146234065,-0.19673625050079946,2024Q4
20241122,409854.49453160114,378129.0,787983.4945316012,5,-0.019022712001041442,-0.21201650546839945,2024Q4
20241125,405417.38498740114,382425.0,787842.3849874011,5,-0.00017907677658146604,-0.21215761501259955,2024Q4
20241126,405417.38498740114,381021.0,786438.3849874011,5,-0.0017820823387439955,-0.21356161501259951,2024Q4
20241127,405417.38498740114,385864.0,791281.3849874011,5,0.00615814295493422,-0.20871861501259947,2024Q4
20241128,405417.38498740114,386589.0,792006.3849874011,5,0.0009162353794176514,-0.2079936150125994,2024Q4
20241129,405417.38498740114,392460.0,797877.3849874011,5,0.007412819026823225,-0.20212261501259932,2024Q4
20241202,405417.38498740114,397693.0,803110.3849874011,5,0.006558651866141796,-0.19688961501259938,2024Q5
20241203,583164.8554915012,219634.0,802798.8554915012,3,-0.00038790370753927217,-0.19720114450849924,2024Q5
20241204,583164.8554915012,217366.0,800530.8554915012,3,-0.0028251161352385035,-0.19946914450849929,2024Q5
20241205,583164.8554915012,216358.0,799522.8554915012,3,-0.0012591644570415506,-0.2004771445084993,2024Q5
20241206,496259.99985390116,306400.0,802659.9998539011,4,0.003923770710058561,-0.19734000014609931,2024Q5
20241209,553292.9298709012,249266.0,802558.9298709012,3,-0.00012591879876699963,-0.19744107012909928,2024Q5
20241210,401189.40649910114,401790.0,802979.4064991011,5,0.0005239199422621965,-0.1970205935008993,2024Q5
20241211,401189.40649910114,396359.0,797548.4064991011,5,-0.0067635607539159315,-0.20245159350089936,2024Q5
20241212,409043.8815603011,390123.0,799166.8815603012,5,0.002029312638595293,-0.2008331184396992,2024Q5
20241213,409043.8815603011,387775.0,796818.8815603012,5,-0.0029380596896304567,-0.20318111843969922,2024Q5
20241216,423667.1396499011,372905.0,796572.1396499011,5,-0.00030965871430777003,-0.2034278603500993,2024Q5
20241217,423667.1396499011,361112.0,784779.1396499011,5,-0.014804685492996406,-0.21522086035009924,2024Q5
20241218,423667.1396499011,357623.0,781290.1396499011,5,-0.004445836826851068,-0.21870986035009932,2024Q5
20241219,403050.09038780106,377364.0,780414.090387801,5,-0.0011212854452413712,-0.21958590961219937,2024Q5
20241220,415098.96863780107,372715.0,787813.968637801,5,0.00948198955034596,-0.2121860313621995,2024Q5
20241223,416967.30282260105,362535.0,779502.302822601,5,-0.010550289974639027,-0.22049769717739942,2024Q5
20241224,413334.25367690105,369329.0,782663.2536769011,5,0.004055088539000051,-0.2173367463230993,2024Q5
20241225,413334.25367690105,365026.0,778360.2536769011,5,-0.005497894502884626,-0.22163974632309935,2024Q5
20241226,408030.05533950106,369586.0,777616.055339501,5,-0.0009561104050271885,-0.2223839446604995,2024Q5
20241227,408030.05533950106,371274.0,779304.055339501,5,0.0021707370731471887,-0.22069594466049958,2024Q5
20241230,408030.05533950106,366246.0,774276.055339501,5,-0.00645191047775262,-0.2257239446604996,2024Q5
20241231,408030.05533950106,359576.0,767606.055339501,5,-0.008614498606799081,-0.23239394466049967,2024Q5
20250102,400957.807680801,357559.0,758516.807680801,5,-0.011841031731673834,-0.24148319231919968,2025Q1
20250103,400957.807680801,355017.0,755974.807680801,5,-0.0033512770900518962,-0.2440251923191996,2025Q1
20250106,394639.2154313011,359882.0,754521.2154313012,5,-0.001922805144736528,-0.24547878456869943,2025Q1
20250107,394639.2154313011,359722.0,754361.2154313012,5,-0.00021205500485299567,-0.24563878456869936,2025Q1
20250108,394633.5649378011,366078.0,760711.5649378011,5,0.008418181338855302,-0.23928843506219943,2025Q1
20250109,394633.5649378011,363027.0,757660.5649378011,5,-0.004010718570118588,-0.24233943506219946,2025Q1
20250110,397971.2703487011,356817.0,754788.2703487012,5,-0.0037910044708948654,-0.24521172965129934,2025Q1
20250113,397971.2703487011,354034.0,752005.2703487012,5,-0.0036871267206024516,-0.24799472965129932,2025Q1
20250114,397971.2703487011,363194.0,761165.2703487012,5,0.012180765695634754,-0.23883472965129937,2025Q1
20250115,397971.2703487011,358498.0,756469.2703487012,5,-0.006169487998117229,-0.2435307296512993,2025Q1
20250116,397971.2703487011,363226.0,761197.2703487012,5,0.006250088649100816,-0.23880272965129934,2025Q1
20250117,397971.2703487011,365936.0,763907.2703487012,5,0.0035601809222969294,-0.23609272965129935,2025Q1
20250120,472775.5245771011,292056.0,764831.5245771011,4,0.0012099036941721764,-0.23516847542289943,2025Q1
20250121,472775.5245771011,290568.0,763343.5245771011,4,-0.00194552650117652,-0.23665647542289947,2025Q1
20250122,392928.1254944011,370195.0,763123.1254944011,5,-0.00028872856794337487,-0.23687687450559947,2025Q1
20250123,392928.1254944011,367896.0,760824.1254944011,5,-0.0030126200126756597,-0.23917587450559952,2025Q1
20250124,381921.54143660114,376182.0,758103.5414366012,5,-0.003575838313528701,-0.24189645856339936,2025Q1
20250127,381921.54143660114,382086.0,764007.5414366012,5,0.007787854398901617,-0.23599245856339945,2025Q1
20250205,381921.54143660114,395695.0,777616.5414366012,5,0.01781265139662147,-0.22238345856339947,2025Q1
20250206,381921.54143660114,397325.0,779246.5414366012,5,0.002096148825472044,-0.22075345856339956,2025Q1
20250207,399260.0730382012,382812.0,782072.0730382012,5,0.003625979008377689,-0.21792792696179952,2025Q1
20250210,399260.0730382012,389149.0,788409.0730382012,5,0.008102833764900952,-0.21159092696179949,2025Q1
20250211,483248.72353570117,305254.0,788502.7235357012,4,0.00011878414480825938,-0.2114972764642996,2025Q1
20250212,412356.66229570116,373380.0,785736.6622957012,5,-0.00350799199221119,-0.21426333770429962,2025Q1
20250213,490528.5545533012,295758.0,786286.5545533012,4,0.0006998429422822028,-0.21371344544669957,2025Q1
20250214,417367.5468335012,367568.0,784935.5468335012,5,-0.001718212923744522,-0.21506445316649958,2025Q1
20250217,414113.0051538012,369260.0,783373.0051538012,5,-0.0019906624002485884,-0.21662699484619963,2025Q1
20250218,410948.57096820115,365509.0,776457.5709682012,5,-0.0088277667727934,-0.22354242903179966,2025Q1
20250219,410948.57096820115,368267.0,779215.5709682012,5,0.0035520292455399893,-0.22078442903179962,2025Q1
20250220,410948.57096820115,369652.0,780600.5709682012,5,0.0017774285468641349,-0.21939942903179965,2025Q1
20250221,410948.57096820115,367878.0,778826.5709682012,5,-0.002272609149900684,-0.2211734290317997,2025Q1
20250224,410948.57096820115,366683.0,777631.5709682012,5,-0.0015343595667446364,-0.22236842903179965,2025Q1
20250225,419046.45285480114,356529.0,775575.4528548012,5,-0.002644077465682071,-0.22442454714519966,2025Q1
20250226,414187.44115240115,366947.0,781134.4411524012,5,0.007167566066122788,-0.21886555884759973,2025Q1
20250227,414187.44115240115,367799.0,781986.4411524012,5,0.0010907213344006905,-0.21801355884759965,2025Q1
20250228,414187.44115240115,364037.0,778224.4411524012,5,-0.00481082510133557,-0.2217755588475997,2025Q1
20250303,402820.0177097012,371300.0,774120.0177097012,5,-0.005274087044377707,-0.2258799822902996,2025Q2
20250304,413434.76769820123,363642.0,777076.7676982012,5,0.003819498166767188,-0.22292323230179967,2025Q2
20250305,413434.76769820123,361709.0,775143.7676982012,5,-0.0024875277197203838,-0.22485623230179963,2025Q2
20250306,413434.76769820123,366215.0,779649.7676982012,5,0.005813115176531269,-0.22035023230179962,2025Q2
20250307,413434.76769820123,369390.0,782824.7676982012,5,0.00407234136601331,-0.21717523230179958,2025Q2
20250310,413434.76769820123,366963.0,780397.7676982012,5,-0.0031003106955037607,-0.21960223230179954,2025Q2
20250311,419607.26417670125,361252.0,780859.2641767012,5,0.0005913605825156321,-0.21914073582329963,2025Q2
20250312,420623.0776287012,360611.0,781234.0776287012,5,0.000480001287293641,-0.21876592237129966,2025Q2
20250313,420623.0776287012,360436.0,781059.0776287012,5,-0.00022400456535531799,-0.21894092237129958,2025Q2
20250314,420623.0776287012,360993.0,781616.0776287012,5,0.00071313427620745,-0.21838392237129955,2025Q2
20250317,420102.2670813012,361967.0,782069.2670813012,5,0.0005798108119461354,-0.21793073291869947,2025Q2
20250318,417898.6195401012,360349.0,778247.6195401012,5,-0.004886584477948541,-0.22175238045989953,2025Q2
20250319,417898.6195401012,362329.0,780227.6195401012,5,0.002544177393269953,-0.21977238045989944,2025Q2
20250320,417898.6195401012,360820.0,778718.6195401012,5,-0.0019340509900039882,-0.22128138045989942,2025Q2
20250321,417898.6195401012,358981.0,776879.6195401012,5,-0.002361571887270486,-0.22312038045989946,2025Q2
20250324,417898.6195401012,356178.0,774076.6195401012,5,-0.0036080235978636077,-0.22592338045989946,2025Q2
20250325,412589.5689724012,358599.0,771188.5689724012,5,-0.003730962148702832,-0.22881143102759938,2025Q2
20250326,402603.75872960116,369554.0,772157.7587296012,5,0.0012567480849610124,-0.22784224127039954,2025Q2
20250327,402603.75872960116,366724.0,769327.7587296012,5,-0.0036650541524779756,-0.23067224127039954,2025Q2
20250328,402603.75872960116,363566.0,766169.7587296012,5,-0.0041048824303634435,-0.23383024127039953,2025Q2
20250331,392818.74217040115,367721.0,760539.7421704012,5,-0.007348262568513841,-0.23946025782959957,2025Q2
20250401,395217.50181050115,369202.0,764419.5018105011,5,0.0051013240005419735,-0.23558049818949967,2025Q2
20250402,395217.50181050115,368386.0,763603.5018105011,5,-0.0010674766905701683,-0.2363964981894996,2025Q2
20250403,395217.50181050115,370658.0,765875.5018105011,5,0.0029753661351907823,-0.23412449818949954,2025Q2
20250407,395217.50181050115,340944.0,736161.5018105011,5,-0.03879742847206524,-0.26383849818949956,2025Q2
20250408,347501.0917559012,387493.0,734994.0917559012,5,-0.0015858069889945758,-0.2650059082440994,2025Q2
20250409,347501.0917559012,389601.0,737102.0917559012,5,0.002868050265498079,-0.2628979082440994,2025Q2
20250410,347501.0917559012,394171.0,741672.0917559012,5,0.006199955272292668,-0.25832790824409946,2025Q2
20250411,347501.0917559012,394679.0,742180.0917559012,5,0.0006849388100842457,-0.2578199082440995,2025Q2
20250414,347501.0917559012,401518.0,749019.0917559012,5,0.00921474460978855,-0.25098090824409947,2025Q2
20250415,347501.0917559012,399466.0,746967.0917559012,5,-0.002739583039451765,-0.2530329082440995,2025Q2
20250416,347501.0917559012,397210.0,744711.0917559012,5,-0.0030202133733854275,-0.25528890824409955,2025Q2
20250417,347501.0917559012,396557.0,744058.0917559012,5,-0.0008768501063416423,-0.25594190824409957,2025Q2
20250418,347501.0917559012,397679.0,745180.0917559012,5,0.0015079467751666353,-0.2548199082440996,2025Q2
20250421,347501.0917559012,405626.0,753127.0917559012,5,0.010664536114047385,-0.2468729082440997,2025Q2
20250422,579609.5772915011,171000.0,750609.5772915011,2,-0.0033427485107866417,-0.24939042270849976,2025Q2
20250423,356173.4205477011,396024.0,752197.4205477012,5,0.0021154050044627226,-0.24780257945229966,2025Q2
20250424,356173.4205477011,386084.0,742257.4205477012,5,-0.013214615908629823,-0.2577425794522996,2025Q2
20250425,384996.77632790117,348438.0,733434.7763279012,5,-0.011886232424985321,-0.26656522367209967,2025Q2
20250428,395740.47918590123,335196.0,730936.4791859012,5,-0.003406297632228772,-0.2690635208140997,2025Q2
20250429,395311.29354730126,331065.0,726376.2935473013,5,-0.006238826174989831,-0.2736237064526996,2025Q2
20250430,387828.7807015013,336232.0,724060.7807015013,5,-0.0031877593836275864,-0.2759392192984996,2025Q2
20250506,385264.5471577013,345374.0,730638.5471577013,5,0.009084550125511903,-0.2693614528422996,2025Q2
20250507,385264.5471577013,346065.0,731329.5471577013,5,0.000945748075690922,-0.2686704528422996,2025Q2
20250508,385264.5471577013,353421.0,738685.5471577013,5,0.010058393002975174,-0.2613144528422996,2025Q2
20250509,390820.1577328013,357179.0,747999.1577328013,5,0.012608356303892343,-0.25200084226719965,2025Q2
20250512,398355.28637930134,347933.0,746288.2863793013,5,-0.002287263743298351,-0.25371171362069955,2025Q2
20250513,394919.8023217013,348246.0,743165.8023217013,5,-0.004184018581812499,-0.2568341976782995,2025Q2
20250514,398630.9966360013,341730.0,740360.9966360013,5,-0.0037741317979617106,-0.2596390033639996,2025Q2
20250515,392502.0262475013,346142.0,738644.0262475014,5,-0.0023190989210687407,-0.2613559737524995,2025Q2
20250516,392502.0262475013,345532.0,738034.0262475014,5,-0.0008258375866098122,-0.2619659737524995,2025Q2
20250519,394545.7340813013,344331.0,738876.7340813014,5,0.001141827888457625,-0.2611232659186995,2025Q2
20250520,394545.7340813013,345304.0,739849.7340813014,5,0.00131686376782425,-0.2601502659186995,2025Q2
20250521,394545.7340813013,343546.0,738091.7340813014,5,-0.0023761581832328904,-0.2619082659186994,2025Q2
20250522,394545.7340813013,339105.0,733650.7340813014,5,-0.006016867273994975,-0.26634926591869945,2025Q2
20250523,395833.35358190135,335890.0,731723.3535819014,5,-0.0026271090722937984,-0.26827664641809945,2025Q2
20250526,389097.26896670135,344039.0,733136.2689667013,5,0.0019309420396158572,-0.2668637310332994,2025Q2
20250527,389097.26896670135,350902.0,739999.2689667013,5,0.009361151931103873,-0.26000073103329946,2025Q2
20250528,384871.0460195014,355493.0,740364.0460195014,5,0.0004929424502126967,-0.25963595398049943,2025Q2
20250529,384871.0460195014,359194.0,744065.0460195014,5,0.004998892125972487,-0.25593495398049937,2025Q2
20250530,384871.0460195014,355879.0,740750.0460195014,5,-0.004455255649669532,-0.2592499539804993,2025Q2
20250603,384871.0460195014,353951.0,738822.0460195014,5,-0.002602767303708342,-0.26117795398049937,2025Q3
20250604,384871.0460195014,355794.0,740665.0460195014,5,0.002494511377847175,-0.25933495398049944,2025Q3
20250605,384871.0460195014,358458.0,743329.0460195014,5,0.003596767546027557,-0.25667095398049944,2025Q3
20250606,384871.0460195014,358988.0,743859.0460195014,5,0.0007130085967150812,-0.2561409539804995,2025Q3
20250609,384785.6711469014,362312.0,747097.6711469013,5,0.004353815611613854,-0.2529023288530996,2025Q3
20250610,387562.7576239014,358938.0,746500.7576239014,5,-0.0007989765542751881,-0.25349924237609955,2025Q3
20250611,387562.7576239014,363964.0,751526.7576239014,5,0.006732746013544233,-0.24847324237609947,2025Q3
20250612,379061.82304590143,379900.0,758961.8230459015,5,0.009893281039663249,-0.24103817695409935,2025Q3
20250613,408654.8505687014,342011.0,750665.8505687014,5,-0.010930684818778236,-0.2493341494312994,2025Q3
20250616,404708.2138941014,346414.0,751122.2138941013,5,0.0006079447001008376,-0.2488777861058995,2025Q3
20250617,404708.2138941014,352652.0,757360.2138941013,5,0.00830490682423024,-0.24263978610589942,2025Q3
20250618,405127.11735520134,352949.0,758076.1173552014,5,0.0009452615122453878,-0.24192388264479936,2025Q3
20250619,404792.24167780136,346981.0,751773.2416778014,5,-0.008314304504658088,-0.24822675832219943,2025Q3
20250620,404792.24167780136,347893.0,752685.2416778014,5,0.0012131317655901253,-0.2473147583221994,2025Q3
20250623,404792.24167780136,346373.0,751165.2416778014,5,-0.0020194364334974457,-0.24883475832219937,2025Q3
20250624,399728.8489612013,356126.0,755854.8489612013,5,0.006243110068465452,-0.2441451510387994,2025Q3
20250625,399728.8489612013,355898.0,755626.8489612013,5,-0.00030164521708542225,-0.24437315103879942,2025Q3
20250626,399728.8489612013,353456.0,753184.8489612013,5,-0.003231753878726207,-0.24681515103879947,2025Q3
20250627,399728.8489612013,356632.0,756360.8489612013,5,0.004216760340280734,-0.24363915103879952,2025Q3
20250630,401283.87993810134,354762.0,756045.8799381014,5,-0.0004164269257622699,-0.24395412006189932,2025Q3
20250701,401283.87993810134,363652.0,764935.8799381014,5,0.011758545659593889,-0.23506412006189936,2025Q3
20250702,475369.18767090136,291508.0,766877.1876709014,4,0.0025378698838876,-0.23312281232909937,2025Q3
20250703,466026.65437620145,304589.0,770615.6543762014,4,0.004874922302297469,-0.2293843456237994,2025Q3
20250704,542111.3555142015,225044.0,767155.3555142015,3,-0.004490304397983036,-0.23284464448579945,2025Q3
20250707,393503.37148970144,370813.0,764316.3714897014,5,-0.0037006637626835204,-0.23568362851029945,2025Q3
20250708,466804.48600070144,300023.0,766827.4860007014,4,0.003285438601956958,-0.2331725139992995,2025Q3
20250709,397164.0501357014,366334.0,763498.0501357014,5,-0.004341831671115903,-0.2365019498642995,2025Q3
20250710,403544.5612551014,359342.0,762886.5612551013,5,-0.0008009043120560388,-0.23711343874489954,2025Q3
20250711,403544.5612551014,359347.0,762891.5612551013,5,6.5540543692232944e-06,-0.2371084387448995,2025Q3
20250714,403544.5612551014,359241.0,762785.5612551013,5,-0.00013894504197375923,-0.23721443874489956,2025Q3
20250715,403544.5612551014,354616.0,758160.5612551013,5,-0.006063303023709499,-0.24183943874489955,2025Q3
20250716,403544.5612551014,355817.0,759361.5612551013,5,0.0015840971706728713,-0.24063843874489954,2025Q3
20250717,411634.31085910136,344597.0,756231.3108591014,5,-0.004122213390451601,-0.24376868914089955,2025Q3
20250718,411634.31085910136,341873.0,753507.3108591014,5,-0.0036020724887805278,-0.2464926891408995,2025Q3
20250721,394485.2715091014,366509.0,760994.2715091014,5,0.009936148650586896,-0.23900572849089952,2025Q3
20250722,394485.2715091014,365430.0,759915.2715091014,5,-0.0014178818953003436,-0.24008472849089957,2025Q3
20250723,396166.2920152014,357811.0,753977.2920152014,5,-0.007814002055923752,-0.24602270798479953,2025Q3
20250724,394385.50057300145,360523.0,754908.5005730015,5,0.0012350618084413512,-0.24509149942699948,2025Q3
20250725,394385.50057300145,357142.0,751527.5005730015,5,-0.004478688473415926,-0.24847249942699945,2025Q3
20250728,394385.50057300145,358557.0,752942.5005730015,5,0.0018828319641279734,-0.2470574994269994,2025Q3
20250729,394385.50057300145,354802.0,749187.5005730015,5,-0.004987100604816996,-0.25081249942699946,2025Q3
20250730,400678.25512360147,344286.0,744964.2551236015,5,-0.005637100787412863,-0.25503574487639935,2025Q3
20250731,397395.20780220145,340374.0,737769.2078022014,5,-0.009658245039161462,-0.26223079219779943,2025Q3
20250801,397395.20780220145,338237.0,735632.2078022014,5,-0.002896569790932446,-0.2643677921977995,2025Q3
20250804,383489.5328385015,353772.0,737261.5328385015,5,0.002214863649279142,-0.2627384671614994,2025Q3
20250805,383489.5328385015,355850.0,739339.5328385015,5,0.002818538479824939,-0.2606604671614994,2025Q3
20250806,383489.5328385015,357788.0,741277.5328385015,5,0.0026212584528781946,-0.2587224671614995,2025Q3
20250807,386793.5480053015,352708.0,739501.5480053015,5,-0.0023958433306340288,-0.26049845199469945,2025Q3
20250808,386793.5480053015,353338.0,740131.5480053015,5,0.0008519251943410744,-0.25986845199469955,2025Q3
20250811,386793.5480053015,354356.0,741149.5480053015,5,0.0013754311686127174,-0.25885045199469947,2025Q3
20250812,386793.5480053015,354636.0,741429.5480053015,5,0.0003777915007214805,-0.2585704519946995,2025Q3
20250813,386793.5480053015,354466.0,741259.5480053015,5,-0.00022928678855238527,-0.2587404519946995,2025Q3
20250814,387721.6808541015,347626.0,735347.6808541014,5,-0.007975434740919884,-0.2646523191458996,2025Q3
20250815,386202.8153280015,351875.0,738077.8153280015,5,0.0037127124283971025,-0.26192218467199957,2025Q3
20250818,388742.4629407015,348247.0,736989.4629407015,5,-0.0014745767515262909,-0.26301053705929955,2025Q3
20250819,388742.4629407015,348800.0,737542.4629407015,5,0.0007503499409522441,-0.26245753705929953,2025Q3
20250820,388742.4629407015,350255.0,738997.4629407015,5,0.001972767770141326,-0.26100253705929943,2025Q3
20250821,456562.20650950156,282668.0,739230.2065095016,4,0.00031494501736695213,-0.26076979349049945,2025Q3
20250822,388323.59106450155,349743.0,738066.5910645016,5,-0.0015740907700381168,-0.26193340893549943,2025Q3
20250825,388323.59106450155,350753.0,739076.5910645016,5,0.0013684402088207648,-0.2609234089354995,2025Q3
20250826,388323.59106450155,354927.0,743250.5910645016,5,0.005647587882587457,-0.2567494089354996,2025Q3
20250827,388323.59106450155,348202.0,736525.5910645016,5,-0.009048092367297422,-0.26347440893549956,2025Q3
20250828,382565.6017555015,355729.0,738294.6017555015,5,0.002401831942381305,-0.26170539824449957,2025Q3
20250829,381370.30641270155,355363.0,736733.3064127015,5,-0.002114732166654809,-0.2632666935872995,2025Q3
20250901,390392.85109140154,344959.0,735351.8510914015,5,-0.0018751090920899882,-0.26464814890859945,2025Q4
20250902,390392.85109140154,339179.0,729571.8510914015,5,-0.007860182838217322,-0.27042814890859945,2025Q4
20250903,390392.85109140154,342570.0,732962.8510914015,5,0.004647931516172488,-0.2670371489085994,2025Q4
20250904,385873.78210240154,347557.0,733430.7821024016,5,0.0006384102690923932,-0.26656921789759946,2025Q4
20250905,393230.1663884015,344721.0,737951.1663884015,5,0.006163341376322018,-0.2620488336115995,2025Q4
20250908,396969.14566690155,343764.0,740733.1456669015,5,0.0037698690715743943,-0.2592668543330996,2025Q4
20250909,396969.14566690155,340080.0,737049.1456669015,5,-0.004973450994532169,-0.2629508543330996,2025Q4
20250910,394931.35874020157,346383.0,741314.3587402016,5,0.005786877440093541,-0.25868564125979965,2025Q4
20250911,401470.92360020155,347613.0,749083.9236002015,5,0.010480796396826308,-0.25091607639979974,2025Q4
20250912,401470.92360020155,350813.0,752283.9236002015,5,0.004271884496760192,-0.24771607639979976,2025Q4
20250915,403759.1984015016,340029.0,743788.1984015016,5,-0.011293243059139035,-0.25621180159849954,2025Q4
20250916,403759.1984015016,344715.0,748474.1984015016,5,0.006300180629473351,-0.2515258015984996,2025Q4
20250917,403759.1984015016,344090.0,747849.1984015016,5,-0.0008350321244671166,-0.25215080159849956,2025Q4
20250918,403759.1984015016,338754.0,742513.1984015016,5,-0.007135128327215523,-0.25748680159849957,2025Q4
20250919,404686.6599872016,337713.0,742399.6599872017,5,-0.00015291097120484487,-0.2576003400127995,2025Q4
20250922,398648.2395765016,337764.0,736412.2395765015,5,-0.00806495575550692,-0.26358776042349963,2025Q4
20250923,398648.2395765016,339037.0,737685.2395765015,5,0.001728651333568365,-0.26231476042349966,2025Q4
20250924,395734.4265555016,344926.0,740660.4265555015,5,0.004033138823149152,-0.25933957344449954,2025Q4
20250925,395734.4265555016,342352.0,738086.4265555015,5,-0.00347527680393378,-0.2619135734444996,2025Q4
20250926,395734.4265555016,341639.0,737373.4265555015,5,-0.000966011532453459,-0.2626265734444996,2025Q4
20250929,393028.2066066016,342891.0,735919.2066066016,5,-0.0019721621318699034,-0.2640807933933995,2025Q4
20250930,391648.6064483016,343960.0,735608.6064483016,5,-0.0004220574154223389,-0.2643913935516996,2025Q4
20251009,391648.6064483016,341884.0,733532.6064483016,5,-0.0028221529517217236,-0.26646739355169957,2025Q4
20251010,391648.6064483016,341498.0,733146.6064483016,5,-0.0005262206432362637,-0.26685339355169957,2025Q4
20251013,391067.2541918016,342454.0,733521.2541918017,5,0.0005110134046928394,-0.2664787458081994,2025Q4
20251014,391067.2541918016,338369.0,729436.2541918017,5,-0.005569027450337272,-0.2705637458081994,2025Q4
20251015,384273.79771410156,348992.0,733265.7977141016,5,0.0052500043702146115,-0.2667342022858995,2025Q4
20251016,385549.1847936015,342304.0,727853.1847936015,5,-0.007381515594172661,-0.2721468152063996,2025Q4
20251017,385549.1847936015,339197.0,724746.1847936015,5,-0.004268718011972483,-0.2752538152063996,2025Q4
20251020,385549.1847936015,350559.0,736108.1847936015,5,0.015677212572337673,-0.2638918152063996,2025Q4
20251021,386676.7372279015,352080.0,738756.7372279016,5,0.003598047799241222,-0.2612432627720995,2025Q4
20251022,390484.0902194015,344777.0,735261.0902194015,5,-0.004731797129346127,-0.26473890978059966,2025Q4
20251023,390484.0902194015,339068.0,729552.0902194015,5,-0.0077645887643754685,-0.2704479097805996,2025Q4
20251024,390484.0902194015,343637.0,734121.0902194015,5,0.006262746774703842,-0.2658789097805996,2025Q4
20251027,390484.0902194015,355933.0,746417.0902194015,5,0.01674928041683854,-0.2535829097805996,2025Q4
20251028,390484.0902194015,353010.0,743494.0902194015,5,-0.003916041095925138,-0.2565059097805996,2025Q4
20251029,393348.2222198015,350690.0,744038.2222198015,5,0.0007318578688895183,-0.2559617777801997,2025Q4
20251030,392245.20233240153,347899.0,740144.2023324015,5,-0.005233628825925596,-0.2598557976675997,2025Q4
20251031,392245.20233240153,353580.0,745825.2023324015,5,0.007675531311462702,-0.25417479766759976,2025Q4
20251103,392245.20233240153,354630.0,746875.2023324015,5,0.0014078365771448276,-0.25312479766759977,2025Q4
20251104,402091.9352459015,341528.0,743619.9352459016,5,-0.004358515420426534,-0.2563800647540997,2025Q4
20251105,394988.6965523015,351134.0,746122.6965523015,5,0.0033656457926620753,-0.25387730344769965,2025Q4
20251106,394988.6965523015,351528.0,746516.6965523015,5,0.0005280632821125231,-0.25348330344769965,2025Q4
20251107,394988.6965523015,347822.0,742810.6965523015,5,-0.0049643899689260085,-0.25718930344769964,2025Q4
20251110,394988.6965523015,347056.0,742044.6965523015,5,-0.0010312183219161053,-0.2579553034476997,2025Q4
20251111,390946.29232150153,352045.0,742991.2923215015,5,0.0012756586949520532,-0.2570087076784997,2025Q4
20251112,391507.44257980154,347925.0,739432.4425798015,5,-0.004789894280699092,-0.26056755742019966,2025Q4
20251113,393125.5127734015,353699.0,746824.5127734016,5,0.009996951402091447,-0.25317548722659966,2025Q4
20251114,397800.5700988015,345680.0,743480.5700988015,5,-0.004477548095176975,-0.2565194299011997,2025Q4
20251117,394349.54030440154,351213.0,745562.5403044015,5,0.002800302105169239,-0.2544374596955996,2025Q4
20251118,396832.84504040156,344017.0,740849.8450404016,5,-0.006320992551578364,-0.2591501549595996,2025Q4
20251119,396832.84504040156,346453.0,743285.8450404016,5,0.0032881156907944575,-0.2567141549595996,2025Q4
20251120,396832.84504040156,342201.0,739033.8450404016,5,-0.00572054483261264,-0.2609661549595996,2025Q4
20251121,396832.84504040156,334378.0,731210.8450404016,5,-0.01058544213164192,-0.26878915495959965,2025Q4
20251124,393408.9459705016,342395.0,735803.9459705015,5,0.006281500009543972,-0.26419605402949975,2025Q4
20251125,392135.3191608016,346477.0,738612.3191608016,5,0.0038167411382876715,-0.2613876808391997,2025Q4
20251126,392135.3191608016,350002.0,742137.3191608016,5,0.004772463048010156,-0.2578626808391997,2025Q4
20251127,392441.55172760156,347903.0,740344.5517276016,5,-0.002415681555035243,-0.2596554482723997,2025Q4
20251128,392441.55172760156,349784.0,742225.5517276016,5,0.0025407089112909897,-0.2577744482723997,2025Q4
20251201,392441.55172760156,351720.0,744161.5517276016,5,0.002608371532742071,-0.25583844827239965,2025Q5
20251202,394089.92978440155,351573.0,745662.9297844016,5,0.002017543170988123,-0.2543370702155997,2025Q5
20251203,394089.92978440155,352680.0,746769.9297844016,5,0.0014845849991766968,-0.2532300702155996,2025Q5
20251204,394089.92978440155,350532.0,744621.9297844016,5,-0.002876387913236078,-0.25537807021559966,2025Q5
20251205,394089.92978440155,351659.0,745748.9297844016,5,0.0015135197540130374,-0.2542510702155997,2025Q5
20251208,394753.1738626015,349196.0,743949.1738626015,5,-0.002413353676981256,-0.2560508261373997,2025Q5
20251209,397560.3831964015,344930.0,742490.3831964015,5,-0.001960874099269372,-0.25750961680359974,2025Q5
20251210,397560.3831964015,339816.0,737376.3831964015,5,-0.006887631295619423,-0.2626236168035997,2025Q5
20251211,397180.8394474015,332593.0,729773.8394474015,5,-0.010310262061885345,-0.27022616055259974,2025Q5
20251212,384809.1194825015,344499.0,729308.1194825015,5,-0.0006381702655340327,-0.2706918805174997,2025Q5
20251215,384907.9873649016,342551.0,727458.9873649016,5,-0.0025354607582211974,-0.27254101263509967,2025Q5
20251216,381766.5474828016,342479.0,724245.5474828016,5,-0.0044173485212412045,-0.27575445251719966,2025Q5
20251217,385518.2814240016,346471.0,731989.2814240016,5,0.01069213883069664,-0.2680107185759997,2025Q5
20251218,395141.7469362016,336083.0,731224.7469362016,5,-0.0010444613154889648,-0.26877525306379957,2025Q5
20251219,395141.7469362016,340140.0,735281.7469362016,5,0.005548225791042638,-0.2647182530637995,2025Q5
20251222,395141.7469362016,339154.0,734295.7469362016,5,-0.0013409825609141945,-0.2657042530637994,2025Q5
20251223,395141.7469362016,339249.0,734390.7469362016,5,0.00012937566422843716,-0.26560925306379946,2025Q5
20251224,395141.7469362016,341009.0,736150.7469362016,5,0.0023965443564513134,-0.26384925306379947,2025Q5
20251225,395141.7469362016,349612.0,744753.7469362016,5,0.011686465083143638,-0.25524625306379944,2025Q5
20251226,402482.9497627016,341889.0,744371.9497627015,5,-0.0005126488790029304,-0.2556280502372995,2025Q5
20251229,396113.8912185016,343127.0,739240.8912185016,5,-0.006893137961251239,-0.2607591087814993,2025Q5
20251230,393511.1298888016,346633.0,740144.1298888016,5,0.001221846195238463,-0.25985587011119926,2025Q5
20251231,385545.3445616016,356817.0,742362.3445616015,5,0.0029970036689113133,-0.25763765543839934,2025Q5
20260105,383179.3468832016,361905.0,745084.3468832016,5,0.003666676174432837,-0.2549156531167992,2026Q1
20260106,383179.3468832016,363757.0,746936.3468832016,5,0.002485624624577243,-0.25306365311679924,2026Q1
20260107,383179.3468832016,361519.0,744698.3468832016,5,-0.0029962392502904667,-0.2553016531167993,2026Q1
20260108,383179.3468832016,364893.0,748072.3468832016,5,0.004530693554136711,-0.2519276531167993,2026Q1
20260109,383179.3468832016,372647.0,755826.3468832016,5,0.010365307623395825,-0.24417365311679928,2026Q1
20260112,393887.0589578016,361831.0,755718.0589578017,5,-0.0001432709058720727,-0.24428194104219925,2026Q1
20260113,393887.0589578016,359002.0,752889.0589578017,5,-0.003743459569963692,-0.24711094104219922,2026Q1
20260114,393887.0589578016,356707.0,750594.0589578017,5,-0.0030482578710558927,-0.24940594104219915,2026Q1
20260115,394842.5518955016,361415.0,756257.5518955016,5,0.007545347408642655,-0.2437424481044993,2026Q1
20260116,545476.4918708017,210206.0,755682.4918708017,3,-0.0007604023566555318,-0.24431750812919917,2026Q1
20260119,397694.5805938017,358132.0,755826.5805938017,5,0.00019067362887192907,-0.2441734194061992,2026Q1
20260120,397694.5805938017,359590.0,757284.5805938017,5,0.001929013926520673,-0.24271541940619923,2026Q1
20260121,397694.5805938017,359460.0,757154.5805938017,5,-0.00017166598044038306,-0.2428454194061993,2026Q1
20260122,397694.5805938017,360590.0,758284.5805938017,5,0.0014924297217007165,-0.24171541940619923,2026Q1
20260123,403293.0517642017,350889.0,754182.0517642017,5,-0.005410275949943921,-0.24581794823579917,2026Q1
20260126,390131.32269270177,362782.0,752913.3226927018,5,-0.0016822583732032381,-0.24708667730729905,2026Q1
20260127,391227.97620870173,357497.0,748724.9762087017,5,-0.005562853462362738,-0.2512750237912992,2026Q1
20260128,391227.97620870173,361802.0,753029.9762087017,5,0.0057497747995520765,-0.24697002379129918,2026Q1
20260129,391227.97620870173,366251.0,757478.9762087017,5,0.0059081313368154476,-0.24252102379129914,2026Q1
20260130,391227.97620870173,366385.0,757612.9762087017,5,0.00017690259955549514,-0.24238702379129917,2026Q1
20260202,389403.19898910174,362315.0,751718.1989891017,5,-0.0077807236738460794,-0.24828180101089925,2026Q1
20260203,389403.19898910174,369730.0,759133.1989891017,5,0.009864068756046507,-0.2408668010108993,2026Q1
20260204,389403.19898910174,376305.0,765708.1989891017,5,0.00866119412081523,-0.2342918010108992,2026Q1
20260205,406721.43417390174,359872.0,766593.4341739018,5,0.0011560999163504615,-0.23340656582609898,2026Q1
20260206,411190.52595350175,350589.0,761779.5259535017,5,-0.006279610554697279,-0.23822047404649904,2026Q1
20260209,404686.37406080175,366521.0,771207.3740608017,5,0.01237608492496478,-0.22879262593919913,2026Q1
20260210,404686.37406080175,365239.0,769925.3740608017,5,-0.0016623285034861324,-0.23007462593919914,2026Q1
20260211,404686.37406080175,365404.0,770090.3740608017,5,0.0002143064841853004,-0.22990962593919917,2026Q1
20260212,404686.37406080175,362319.0,767005.3740608017,5,-0.004006023323901986,-0.23299462593919917,2026Q1
20260213,404686.37406080175,355143.0,759829.3740608017,5,-0.009355866650591627,-0.24017062593919913,2026Q1
20260224,400809.3067863018,362932.0,763741.3067863018,5,0.005148435766036963,-0.23625869321369908,2026Q1
20260225,400809.3067863018,367646.0,768455.3067863018,5,0.00617224701363317,-0.23154469321369908,2026Q1
20260226,400809.3067863018,362237.0,763046.3067863018,5,-0.0070387958183548704,-0.23695369321369908,2026Q1
20260227,402252.7643706018,365334.0,767586.7643706019,5,0.005950435175321012,-0.23241323562939908,2026Q1
20260302,411993.6948384018,345810.0,757803.6948384019,5,-0.012745229577039163,-0.24219630516159907,2026Q2
20260303,414529.5551966018,336062.0,750591.5551966018,5,-0.009517160830600169,-0.2494084448033992,2026Q2
20260304,398102.8471113018,348632.0,746734.8471113017,5,-0.005138224722352369,-0.25326515288869933,2026Q2
20260305,397484.44528630184,350740.0,748224.4452863019,5,0.001994815403034478,-0.25177555471369906,2026Q2
20260306,397484.44528630184,353872.0,751356.4452863019,5,0.004185909749047978,-0.24864355471369914,2026Q2
20260309,397484.44528630184,353294.0,750778.4452863019,5,-0.0007692753600853086,-0.24922155471369922,2026Q2
20260310,397484.44528630184,359302.0,756786.4452863019,5,0.008002360799941322,-0.2432135547136992,2026Q2
20260311,397484.44528630184,360094.0,757578.4452863019,5,0.0010465303718545371,-0.2424215547136993,2026Q2
20260312,397484.44528630184,355752.0,753236.4452863019,5,-0.005731419666195836,-0.24676355471369926,2026Q2
20260313,397484.44528630184,352992.0,750476.4452863019,5,-0.0036641880743714106,-0.24952355471369925,2026Q2
20260316,395796.42051340186,353486.0,749282.4205134019,5,-0.0015910223170888527,-0.25071757948659923,2026Q2
20260317,395796.42051340186,360571.0,756367.4205134019,5,0.009455713634847429,-0.24363257948659922,2026Q2
20260318,398002.0686258018,358649.0,756651.0686258018,5,0.00037501365699688094,-0.24334893137419922,2026Q2
20260319,398508.90033690183,347984.0,746492.9003369019,5,-0.013425168760217043,-0.25350709966309914,2026Q2
20260320,390789.1190082019,345829.0,736618.1190082019,5,-0.013228232075942592,-0.26338188099179916,2026Q2
20260323,383537.15078250197,336388.0,719925.150782502,5,-0.022661631305208152,-0.2800748492174989,2026Q2
20260324,352624.869307502,374765.0,727389.8693075019,5,0.010368742523978236,-0.27261013069249895,2026Q2
20260325,352624.869307502,379955.0,732579.8693075019,5,0.007135100747197809,-0.2674201306924989,2026Q2
20260326,445628.589090902,283264.0,728892.589090902,4,-0.005033280835419984,-0.27110741090909884,2026Q2
20260327,378749.739453302,354658.0,733407.739453302,5,0.006194534599441415,-0.2665922605466988,2026Q2
20260330,378749.739453302,355182.0,733931.739453302,5,0.0007144729620531809,-0.26606826054669885,2026Q2
20260331,378749.739453302,349628.0,728377.739453302,5,-0.00756746125210106,-0.2716222605466988,2026Q2
20260401,378749.739453302,355035.0,733784.739453302,5,0.007423346029298283,-0.26621526054669886,2026Q2
20260402,378749.739453302,351432.0,730181.739453302,5,-0.004910159350934973,-0.2698182605466989,2026Q2
20260403,378749.739453302,343400.0,722149.739453302,5,-0.011000001186024844,-0.2778502605466989,2026Q2
20260407,373410.91312510206,352323.0,725733.9131251021,5,0.004963200117628519,-0.27426608687489895,2026Q2
20260408,367682.06855890213,367252.0,734934.0685589021,5,0.012677036676132403,-0.2650659314410989,2026Q2
20260409,367682.06855890213,360906.0,728588.0685589021,5,-0.008634788168744967,-0.2714119314410989,2026Q2
20260410,367682.06855890213,366258.0,733940.0685589021,5,0.00734571458270783,-0.26605993144109885,2026Q2
20260413,372865.24570920214,362710.0,735575.2457092021,5,0.002227943697788115,-0.2644247542907989,2026Q2
20260414,372865.24570920214,366884.0,739749.2457092021,5,0.0056744704560791615,-0.2602507542907989,2026Q2
20260415,390034.9664828022,348659.0,738693.9664828022,5,-0.0014265364007073345,-0.26130603351719883,2026Q2
20260416,390034.9664828022,351910.0,741944.9664828022,5,0.004401010631614133,-0.25805503351719883,2026Q2
20260417,390034.9664828022,349382.0,739416.9664828022,5,-0.0034072607999270366,-0.2605830335171988,2026Q2
20260420,390034.9664828022,350468.0,740502.9664828022,5,0.0014687247510234425,-0.2594970335171989,2026Q2
20260421,387798.0959241022,352333.0,740131.0959241022,5,-0.0005021864537102516,-0.2598689040758988,2026Q2
20260422,381362.9885217022,351461.0,732823.9885217021,5,-0.009872720444581096,-0.26717601147829884,2026Q2
20260423,381362.9885217022,347115.0,728477.9885217021,5,-0.005930482719004648,-0.2715220114782988,2026Q2
20260424,362908.2750169022,368923.0,731831.2750169022,5,0.004603140449040755,-0.26816872498309874,2026Q2
